kind,identifier,detail
fund_unit_not_on_any_exchange_etf_list,BSE:SENSEX1,isin=INF174KA1JD7 name=Kotak S&P BSE Sensex ETF -> UNKNOWN (ETF vs mutual-fund scheme not determinable from the sources)
fund_unit_not_on_any_exchange_etf_list,BSE:SBISENSEX,isin=INF200K01VT2 name=SBI Mutual Fund - SBI Sensex ETF -> UNKNOWN (ETF vs mutual-fund scheme not determinable from the sources)
fund_unit_not_on_any_exchange_etf_list,BSE:SENSEXBEES,isin=INF204KA1UN7 name=Nippon India ETF S&P BSE Sensex -> UNKNOWN (ETF vs mutual-fund scheme not determinable from the sources)
fund_unit_not_on_any_exchange_etf_list,BSE:SETFBSE100,isin=INF200KA1572 name=SBI Mutual Fund - SBI - ETF BSE 100 -> UNKNOWN (ETF vs mutual-fund scheme not determinable from the sources)
fund_unit_not_on_any_exchange_etf_list,BSE:IDFSENSEXE,isin=INF194KA1T91 name=Bandhan S&P BSE SENSEX ETF -> UNKNOWN (ETF vs mutual-fund scheme not determinable from the sources)
fund_unit_not_on_any_exchange_etf_list,BSE:SETFSN50,isin=INF200KA1VQ2 name=SBI - ETF - SENSEX NEXT 50 -> UNKNOWN (ETF vs mutual-fund scheme not determinable from the sources)
fund_unit_not_on_any_exchange_etf_list,BSE:SNXT50BEES,isin=INF204KB15D0 name=Nippon India ETF S&P BSE Sensex Next 50 -> UNKNOWN (ETF vs mutual-fund scheme not determinable from the sources)
fund_unit_not_on_any_exchange_etf_list,BSE:08MPD,isin=INF204KB11T5 name=NIPPON INDIA EQUITY SAVINGS FUND -  SEGREGATED PORTFOLIO 2 - -> UNKNOWN (ETF vs mutual-fund scheme not determinable from the sources)
fund_unit_not_on_any_exchange_etf_list,BSE:08ADR,isin=INF204KB12S5 name=NIPPON INDIA EQUITY SAVINGS FUND -  SEGREGATED PORTFOLIO 2 - -> UNKNOWN (ETF vs mutual-fund scheme not determinable from the sources)
fund_unit_not_on_any_exchange_etf_list,BSE:08MPR,isin=INF204KB12T3 name=NIPPON INDIA EQUITY SAVINGS FUND -  SEGREGATED PORTFOLIO 2 - -> UNKNOWN (ETF vs mutual-fund scheme not determinable from the sources)
fund_unit_not_on_any_exchange_etf_list,BSE:08AMD,isin=INF204KB13S3 name=NIPPON INDIA EQUITY SAVINGS FUND -  SEGREGATED PORTFOLIO 2 - -> UNKNOWN (ETF vs mutual-fund scheme not determinable from the sources)
fund_unit_not_on_any_exchange_etf_list,BSE:08AMR,isin=INF204KB14S1 name=NIPPON INDIA EQUITY SAVINGS FUND -  SEGREGATED PORTFOLIO 2 - -> UNKNOWN (ETF vs mutual-fund scheme not determinable from the sources)
fund_unit_not_on_any_exchange_etf_list,BSE:08BPB,isin=INF204KB15S8 name=NIPPON INDIA EQUITY SAVINGS FUND -  SEGREGATED PORTFOLIO 2 - -> UNKNOWN (ETF vs mutual-fund scheme not determinable from the sources)
fund_unit_not_on_any_exchange_etf_list,BSE:08GPG,isin=INF204KB16S6 name=NIPPON INDIA EQUITY SAVINGS FUND -  SEGREGATED PORTFOLIO 2 - -> UNKNOWN (ETF vs mutual-fund scheme not determinable from the sources)
fund_unit_not_on_any_exchange_etf_list,BSE:08ABB,isin=INF204KB17R6 name=NIPPON INDIA EQUITY SAVINGS FUND -  SEGREGATED PORTFOLIO 2 - -> UNKNOWN (ETF vs mutual-fund scheme not determinable from the sources)
fund_unit_not_on_any_exchange_etf_list,BSE:08QPD,isin=INF204KB17S4 name=NIPPON INDIA EQUITY SAVINGS FUND -  SEGREGATED PORTFOLIO 2 - -> UNKNOWN (ETF vs mutual-fund scheme not determinable from the sources)
fund_unit_not_on_any_exchange_etf_list,BSE:08AGG,isin=INF204KB18R4 name=NIPPON INDIA EQUITY SAVINGS FUND -  SEGREGATED PORTFOLIO 2 - -> UNKNOWN (ETF vs mutual-fund scheme not determinable from the sources)
fund_unit_not_on_any_exchange_etf_list,BSE:08QPR,isin=INF204KB18S2 name=NIPPON INDIA EQUITY SAVINGS FUND -  SEGREGATED PORTFOLIO 2 - -> UNKNOWN (ETF vs mutual-fund scheme not determinable from the sources)
fund_unit_not_on_any_exchange_etf_list,BSE:08AQD,isin=INF204KB19R2 name=NIPPON INDIA EQUITY SAVINGS FUND -  SEGREGATED PORTFOLIO 2 - -> UNKNOWN (ETF vs mutual-fund scheme not determinable from the sources)
fund_unit_not_on_any_exchange_etf_list,BSE:08DPD,isin=INF204KB19S0 name=NIPPON INDIA EQUITY SAVINGS FUND -  SEGREGATED PORTFOLIO 2 - -> UNKNOWN (ETF vs mutual-fund scheme not determinable from the sources)
fund_unit_not_on_any_exchange_etf_list,BSE:08AQR,isin=INF204KB10S9 name=NIPPON INDIA EQUITY SAVINGS FUND -  SEGREGATED PORTFOLIO 2 - -> UNKNOWN (ETF vs mutual-fund scheme not determinable from the sources)
fund_unit_not_on_any_exchange_etf_list,BSE:08DPR,isin=INF204KB10T7 name=NIPPON INDIA EQUITY SAVINGS FUND -  SEGREGATED PORTFOLIO 2 - -> UNKNOWN (ETF vs mutual-fund scheme not determinable from the sources)
fund_unit_not_on_any_exchange_etf_list,BSE:08ADD,isin=INF204KB11S7 name=NIPPON INDIA EQUITY SAVINGS FUND -  SEGREGATED PORTFOLIO 2 - -> UNKNOWN (ETF vs mutual-fund scheme not determinable from the sources)
fund_unit_not_on_any_exchange_etf_list,BSE:11DPR,isin=INF204KB14U7 name=NIPPON INDIA EQUITY HYBRID FUND -  SEGREGATED PORTFOLIO 2DIV -> UNKNOWN (ETF vs mutual-fund scheme not determinable from the sources)
fund_unit_not_on_any_exchange_etf_list,BSE:11GPG,isin=INF204KB10U5 name=NIPPON INDIA EQUITY HYBRID FUND -  SEGREGATED PORTFOLIO 2GRO -> UNKNOWN (ETF vs mutual-fund scheme not determinable from the sources)
fund_unit_not_on_any_exchange_etf_list,BSE:11MPD,isin=INF204KB15U4 name=NIPPON INDIA EQUITY HYBRID FUND -  SEGREGATED PORTFOLIO 2MON -> UNKNOWN (ETF vs mutual-fund scheme not determinable from the sources)
fund_unit_not_on_any_exchange_etf_list,BSE:11MPR,isin=INF204KB16U2 name=NIPPON INDIA EQUITY HYBRID FUND -  SEGREGATED PORTFOLIO 2MON -> UNKNOWN (ETF vs mutual-fund scheme not determinable from the sources)
fund_unit_not_on_any_exchange_etf_list,BSE:11QPD,isin=INF204KB11U3 name=NIPPON INDIA EQUITY HYBRID FUND -  SEGREGATED PORTFOLIO 2QUA -> UNKNOWN (ETF vs mutual-fund scheme not determinable from the sources)
fund_unit_not_on_any_exchange_etf_list,BSE:11QPR,isin=INF204KB12U1 name=NIPPON INDIA EQUITY HYBRID FUND -  SEGREGATED PORTFOLIO 2QUA -> UNKNOWN (ETF vs mutual-fund scheme not determinable from the sources)
fund_unit_not_on_any_exchange_etf_list,BSE:11ADD,isin=INF204KB16T4 name=NIPPON INDIA EQUITY HYBRID FUND -  SEGREGATED PORTFOLIO 2DIR -> UNKNOWN (ETF vs mutual-fund scheme not determinable from the sources)
fund_unit_not_on_any_exchange_etf_list,BSE:11ADR,isin=INF204KB17T2 name=NIPPON INDIA EQUITY HYBRID FUND -  SEGREGATED PORTFOLIO 2DIR -> UNKNOWN (ETF vs mutual-fund scheme not determinable from the sources)
fund_unit_not_on_any_exchange_etf_list,BSE:11AGG,isin=INF204KB13T1 name=NIPPON INDIA EQUITY HYBRID FUND -  SEGREGATED PORTFOLIO 2DIR -> UNKNOWN (ETF vs mutual-fund scheme not determinable from the sources)
fund_unit_not_on_any_exchange_etf_list,BSE:11AMD,isin=INF204KB18T0 name=NIPPON INDIA EQUITY HYBRID FUND -  SEGREGATED PORTFOLIO 2DIR -> UNKNOWN (ETF vs mutual-fund scheme not determinable from the sources)
fund_unit_not_on_any_exchange_etf_list,BSE:11AMR,isin=INF204KB19T8 name=NIPPON INDIA EQUITY HYBRID FUND -  SEGREGATED PORTFOLIO 2DIR -> UNKNOWN (ETF vs mutual-fund scheme not determinable from the sources)
fund_unit_not_on_any_exchange_etf_list,BSE:11AQD,isin=INF204KB14T9 name=NIPPON INDIA EQUITY HYBRID FUND -  SEGREGATED PORTFOLIO 2DIR -> UNKNOWN (ETF vs mutual-fund scheme not determinable from the sources)
fund_unit_not_on_any_exchange_etf_list,BSE:11AQR,isin=INF204KB15T6 name=NIPPON INDIA EQUITY HYBRID FUND -  SEGREGATED PORTFOLIO 2DIR -> UNKNOWN (ETF vs mutual-fund scheme not determinable from the sources)
fund_unit_not_on_any_exchange_etf_list,BSE:11DPD,isin=INF204KB13U9 name=NIPPON INDIA EQUITY HYBRID FUND -  SEGREGATED PORTFOLIO 2DIV -> UNKNOWN (ETF vs mutual-fund scheme not determinable from the sources)
fund_unit_not_on_any_exchange_etf_list,BSE:MHLSRG,isin=INF200K30015 name=SBI Mutual Fund -> UNKNOWN (ETF vs mutual-fund scheme not determinable from the sources)
fund_unit_not_on_any_exchange_etf_list,BSE:MHLSRD,isin=INF200K30023 name=SBI Mutual Fund -> UNKNOWN (ETF vs mutual-fund scheme not determinable from the sources)
fund_unit_not_on_any_exchange_etf_list,BSE:MHLSRDR,isin=INF200K30031 name=SBI Mutual Fund -> UNKNOWN (ETF vs mutual-fund scheme not determinable from the sources)
fund_unit_not_on_any_exchange_etf_list,BSE:MHLSDG,isin=INF200K30049 name=SBI Mutual Fund -> UNKNOWN (ETF vs mutual-fund scheme not determinable from the sources)
fund_unit_not_on_any_exchange_etf_list,BSE:MHLSDD,isin=INF200K30056 name=SBI Mutual Fund -> UNKNOWN (ETF vs mutual-fund scheme not determinable from the sources)
fund_unit_not_on_any_exchange_etf_list,BSE:MHLSDDR,isin=INF200K30064 name=SBI Mutual Fund -> UNKNOWN (ETF vs mutual-fund scheme not determinable from the sources)
fund_unit_not_on_any_exchange_etf_list,BSE:TSIFDG,isin=INF277K30047 name=Titanium Hybrid Long-Short Fund Direct Plan Growth -> UNKNOWN (ETF vs mutual-fund scheme not determinable from the sources)
fund_unit_not_on_any_exchange_etf_list,BSE:TSIFDIR,isin=INF277K30054 name=Titanium Hybrid Long-Short Fund Direct Plan IDCW Reinvestmen -> UNKNOWN (ETF vs mutual-fund scheme not determinable from the sources)
fund_unit_not_on_any_exchange_etf_list,BSE:TSIFRG,isin=INF277K30013 name=Titanium Hybrid Long-Short Fund Regular Plan Growth -> UNKNOWN (ETF vs mutual-fund scheme not determinable from the sources)
fund_unit_not_on_any_exchange_etf_list,BSE:TSIFRIP,isin=INF277K30039 name=Titanium Hybrid Long-Short Fund Regular Plan IDCW Payout -> UNKNOWN (ETF vs mutual-fund scheme not determinable from the sources)
fund_unit_not_on_any_exchange_etf_list,BSE:TSIFRIR,isin=INF277K30021 name=Titanium Hybrid Long-Short Fund Regular Plan IDCW Reinvestme -> UNKNOWN (ETF vs mutual-fund scheme not determinable from the sources)
fund_unit_not_on_any_exchange_etf_list,BSE:ARSIFHRG,isin=INF194K30010 name=Arudha Hybrid Long- Short Fund Regular Plan-Growth -> UNKNOWN (ETF vs mutual-fund scheme not determinable from the sources)
fund_unit_not_on_any_exchange_etf_list,BSE:ARSIFHRMD,isin=INF194K30051 name=Arudha Hybrid Long- Short Fund Regular Plan-Monthly IDCW -> UNKNOWN (ETF vs mutual-fund scheme not determinable from the sources)
fund_unit_not_on_any_exchange_etf_list,BSE:ARSIFHDG,isin=INF194K30184 name=Arudha Hybrid Long- Short Fund Direct Plan-Growth -> UNKNOWN (ETF vs mutual-fund scheme not determinable from the sources)
fund_unit_not_on_any_exchange_etf_list,BSE:ARSIFHRHD,isin=INF194K30242 name=Arudha Hybrid Long- Short Fund Direct Plan-Half yearly IDCW -> UNKNOWN (ETF vs mutual-fund scheme not determinable from the sources)
fund_unit_not_on_any_exchange_etf_list,BSE:ISIFHLSG,isin=INF109K30018 name=iSIF Hybrid Long-Short Fund - Growth -> UNKNOWN (ETF vs mutual-fund scheme not determinable from the sources)
fund_unit_not_on_any_exchange_etf_list,BSE:ISIFHLSDG,isin=INF109K30026 name=iSIF Hybrid Long-Short Fund - Direct Plan - Growth -> UNKNOWN (ETF vs mutual-fund scheme not determinable from the sources)
fund_unit_not_on_any_exchange_etf_list,BSE:ARSIFHDAD,isin=INF194K30259 name=Arudha Hybrid Long- Short Fund Direct Plan-Annual IDCW -> UNKNOWN (ETF vs mutual-fund scheme not determinable from the sources)
fund_unit_not_on_any_exchange_etf_list,BSE:ISIFAAFG,isin=INF109K30059 name=iSIF Active Asset Allocator Long-Short Fund - Growth -> UNKNOWN (ETF vs mutual-fund scheme not determinable from the sources)
fund_unit_not_on_any_exchange_etf_list,BSE:ISIFAAFDG,isin=INF109K30067 name=iSIF Active Asset Allocator Long-Short Fund - Direct Plan -  -> UNKNOWN (ETF vs mutual-fund scheme not determinable from the sources)
fund_unit_not_on_any_exchange_etf_list,BSE:PHLSRG,isin=INF769K30019 name=Platinum Hybrid Long-Short Fund- Regular plan growth -> UNKNOWN (ETF vs mutual-fund scheme not determinable from the sources)
fund_unit_not_on_any_exchange_etf_list,BSE:PHLSRDI,isin=INF769K30027 name=Platinum Hybrid Long-Short Fund- Regular plan IDCW reinvestm -> UNKNOWN (ETF vs mutual-fund scheme not determinable from the sources)
fund_unit_not_on_any_exchange_etf_list,BSE:PHLSRDP,isin=INF769K30035 name=Platinum Hybrid Long-Short Fund – Regular plan IDCW payout -> UNKNOWN (ETF vs mutual-fund scheme not determinable from the sources)
fund_unit_not_on_any_exchange_etf_list,BSE:PHLSDG,isin=INF769K30043 name=Platinum Hybrid Long-Short Fund – Direct Plan growth -> UNKNOWN (ETF vs mutual-fund scheme not determinable from the sources)
fund_unit_not_on_any_exchange_etf_list,BSE:PHLSDDI,isin=INF769K30050 name=Platinum Hybrid Long-Short Fund – Direct Plan IDCW reinvestm -> UNKNOWN (ETF vs mutual-fund scheme not determinable from the sources)
fund_unit_not_on_any_exchange_etf_list,BSE:PHLSDDP,isin=INF769K30068 name=Platinum Hybrid Long-Short Fund – Direct Plan IDCW payout -> UNKNOWN (ETF vs mutual-fund scheme not determinable from the sources)
fund_unit_not_on_any_exchange_etf_list,BSE:INSIFHLSDG,isin=INF174K30012 name=Infinity Hybrid Long-Short Fund Direct Growth -> UNKNOWN (ETF vs mutual-fund scheme not determinable from the sources)
fund_unit_not_on_any_exchange_etf_list,BSE:INSIFHLSDR,isin=INF174K30038 name=Infinity Hybrid Long-Short Fund-Direct- IDCW Reinvestment -> UNKNOWN (ETF vs mutual-fund scheme not determinable from the sources)
fund_unit_not_on_any_exchange_etf_list,BSE:INSIFHLSRG,isin=INF174K30046 name=Infinity Hybrid Long-Short Fund-Regular-Growth -> UNKNOWN (ETF vs mutual-fund scheme not determinable from the sources)
fund_unit_not_on_any_exchange_etf_list,BSE:INSIFHLSRD,isin=INF174K30053 name=Infinity Hybrid Long-Short Fund-Regular - IDCW Payout -> UNKNOWN (ETF vs mutual-fund scheme not determinable from the sources)
fund_unit_not_on_any_exchange_etf_list,BSE:INSIFHLSRR,isin=INF174K30061 name=Infinity Hybrid Long-Short Fund-Regular-IDCW Reinvestment -> UNKNOWN (ETF vs mutual-fund scheme not determinable from the sources)
conflicting_alias_same_context,COMPANY_NAME/-/FUTURE ENTERPRISES LIMITED,claimed by 737c5f2a-6af1-5026-9019-bb8ec2e51ee3 and 31b459e7-cd68-5c48-8e09-cb8b936e58b5 -> alias not seeded
conflicting_alias_same_context,COMPANY_NAME/-/GACM TECHNOLOGIES LIMITED,claimed by 071052d2-5621-529c-b811-600f3d6c97bb and deb95fbf-a1ea-567d-8cfb-8c391fa77042 -> alias not seeded
conflicting_alias_same_context,COMPANY_NAME/-/GACM TECHNOLOGIES LTD,claimed by 071052d2-5621-529c-b811-600f3d6c97bb and deb95fbf-a1ea-567d-8cfb-8c391fa77042 -> alias not seeded
conflicting_alias_same_context,COMPANY_NAME/-/JAIN IRRIGATION SYSTEMS LIMITED,claimed by 561df11e-c60a-5859-9d01-7eaa2d22d243 and 4e8418ce-5f69-5389-9413-563e9d5b6d43 -> alias not seeded
conflicting_alias_same_context,COMPANY_NAME/-/NIPPON INDIA MUTUAL FUND - NIPPON INDIA MUTUAL FUND FIXED HORIZON FUND- XXVI SERIES 14 - DIRECT PLAN GROWTH OPTION,claimed by 1544164d-bb48-571e-a123-152c9e27c473 and 168cfd59-5b1b-5b83-9e6f-d2bff3965214 -> alias not seeded
conflicting_alias_same_context,COMPANY_NAME/-/NIPPON INDIA STRATEGIC DEBT FUND - SEGREGATED PORTFOLIO 2 - DIVIDEND PLAN(ISSUE PRICE:RS.0.01),claimed by aff7365c-df1a-5659-8179-ca4c7d5c9044 and 7e7285eb-e1c4-5afa-95d2-e45a511a2a1e -> alias not seeded
conflicting_alias_same_context,COMPANY_NAME/-/NIPPON INDIA STRATEGIC DEBT FUND - SEGREGATED PORTFOLIO 2 - QUARTERLY DIVIDEND PLAN(ISSUE PRICE:RS.0.01),claimed by 52e4630d-f4fb-59f5-b010-318e2b52b7b4 and a539feab-3dc6-5ed9-be01-a55d17c4b77d -> alias not seeded
conflicting_alias_same_context,COMPANY_NAME/-/NIPPON INDIA STRATEGIC DEBT FUND - SEGREGATED PORTFOLIO 2 - DIRECT DIVIDEND PLAN(ISSUE PRICE:RS.0.01),claimed by c7f68a8b-5203-5283-9dd2-6233cd21e234 and f1ce89a4-c59c-5fa3-bf4f-ef673452677f -> alias not seeded
conflicting_alias_same_context,COMPANY_NAME/-/NIPPON INDIA STRATEGIC DEBT FUND - SEGREGATED PORTFOLIO 2 - DIRECT QUARTERLY DIVIDEND PLAN(ISSUE PRICE:RS.0.01),claimed by 4ff5a272-f791-5496-8fb7-b5927c37df62 and a2877eb4-76a5-5ec8-86e7-804b7c048058 -> alias not seeded
conflicting_alias_same_context,COMPANY_NAME/-/NIPPON INDIA HYBRID BOND FUND - SEGREGATED PORTFOLIO 2 - MONTHLY DIVIDEND PLAN(ISSUE PRICE : RS.0.01),claimed by 33744da2-eece-5b72-922e-521f2a4e044f and 6bf0c34c-6f6c-52e3-87c1-6594bf802507 -> alias not seeded
conflicting_alias_same_context,COMPANY_NAME/-/NIPPON INDIA HYBRID BOND FUND - SEGREGATED PORTFOLIO 2 - QUARTERLY DIVIDEND PLAN(ISSUE PRICE : RS.0.01),claimed by e92db529-05cc-5167-983a-d904cd3ce5a0 and bb80107a-c052-51af-8457-ecc909c4ae70 -> alias not seeded
conflicting_alias_same_context,COMPANY_NAME/-/NIPPON INDIA HYBRID BOND FUND - SEGREGATED PORTFOLIO 2 - DIRECT MONTHLY DIVIDEND PLAN(ISSUE PRICE : RS.0.01),claimed by bb8bd40c-5ab3-5942-a7c0-e66e3957c041 and 83cc40e3-973c-5c0d-b04b-fb3d17d55ffe -> alias not seeded
conflicting_alias_same_context,COMPANY_NAME/-/NIPPON INDIA HYBRID BOND FUND - SEGREGATED PORTFOLIO 2 - DIRECT QUARTERLY DIVIDEND PLAN(ISSUE PRICE : RS.0.01),claimed by dff3bacd-88b2-502b-8aa2-758fa02d6e03 and 84105e3c-6f5f-5052-bab1-bf8b820e3afd -> alias not seeded
conflicting_alias_same_context,COMPANY_NAME/-/UTI CREDIT RISK FUND (SEGREGATED-06032020)-DIRECT QUARTERLY DIVIDEND PAYOUT(ISSUE PRICE : RS.0.01),claimed by 40ed71ab-cff7-5353-b279-13b34da4f333 and 37286628-983d-5e59-b033-b893d31709c2 -> alias not seeded
conflicting_alias_same_context,COMPANY_NAME/-/UTI CREDIT RISK FUND (SEGREGATED-06032020)-DIRECT QUARTERLY DIVIDEND PAYOUT(ISSUE PRICE : RS.0.01),claimed by __AMBIGUOUS__ and 986f3a45-fe16-5a31-8b19-0dc91e958a69 -> alias not seeded
conflicting_alias_same_context,COMPANY_NAME/-/UTI CREDIT RISK FUND (SEGREGATED-06032020)-DIRECT QUARTERLY DIVIDEND PAYOUT(ISSUE PRICE : RS.0.01),claimed by __AMBIGUOUS__ and c49ba041-5d76-530f-aa45-3a896a9338a0 -> alias not seeded
conflicting_alias_same_context,COMPANY_NAME/-/UTI CREDIT RISK FUND (SEGREGATED-06032020)-DIRECT QUARTERLY DIVIDEND PAYOUT(ISSUE PRICE : RS.0.01),claimed by __AMBIGUOUS__ and d7a16464-6b82-5129-86bf-8b5555241354 -> alias not seeded
conflicting_alias_same_context,COMPANY_NAME/-/UTI CREDIT RISK FUND (SEGREGATED-06032020)-DIRECT QUARTERLY DIVIDEND PAYOUT(ISSUE PRICE : RS.0.01),claimed by __AMBIGUOUS__ and 8bc7e3d3-58c6-5ed0-b1ed-9cce02280be4 -> alias not seeded
conflicting_alias_same_context,COMPANY_NAME/-/UTI CREDIT RISK FUND (SEGREGATED-06032020)-DIRECT QUARTERLY DIVIDEND PAYOUT(ISSUE PRICE : RS.0.01),claimed by __AMBIGUOUS__ and 958c1f27-77b5-5b07-ac95-348e66e52010 -> alias not seeded
conflicting_alias_same_context,COMPANY_NAME/-/UTI CREDIT RISK FUND (SEGREGATED-06032020)-DIRECT QUARTERLY DIVIDEND PAYOUT(ISSUE PRICE : RS.0.01),claimed by __AMBIGUOUS__ and f1c4e3db-d94d-5040-96e0-c152775e61db -> alias not seeded
conflicting_alias_same_context,COMPANY_NAME/-/UTI CREDIT RISK FUND (SEGREGATED-06032020)-DIRECT QUARTERLY DIVIDEND PAYOUT(ISSUE PRICE : RS.0.01),claimed by __AMBIGUOUS__ and 41412dad-6773-52a8-a777-381f9b2c529a -> alias not seeded
conflicting_alias_same_context,COMPANY_NAME/-/UTI CREDIT RISK FUND (SEGREGATED-06032020)-DIRECT QUARTERLY DIVIDEND PAYOUT(ISSUE PRICE : RS.0.01),claimed by __AMBIGUOUS__ and a4fa8f06-7060-522a-b624-76cace558384 -> alias not seeded
conflicting_alias_same_context,COMPANY_NAME/-/UTI CREDIT RISK FUND (SEGREGATED-06032020)-DIRECT QUARTERLY DIVIDEND PAYOUT(ISSUE PRICE : RS.0.01),claimed by __AMBIGUOUS__ and 79047930-f8cf-5e78-90e0-fe038f62a35a -> alias not seeded
conflicting_alias_same_context,COMPANY_NAME/-/UTI CREDIT RISK FUND (SEGREGATED-06032020)-DIRECT QUARTERLY DIVIDEND PAYOUT(ISSUE PRICE : RS.0.01),claimed by __AMBIGUOUS__ and 3ca4e1b7-d9a8-522d-80c2-47432819bdac -> alias not seeded
conflicting_alias_same_context,COMPANY_NAME/-/UTI CREDIT RISK FUND (SEGREGATED-06032020)-DIRECT QUARTERLY DIVIDEND PAYOUT(ISSUE PRICE : RS.0.01),claimed by __AMBIGUOUS__ and 6cb3a218-ce4d-5c9b-9827-fca59e0fbddf -> alias not seeded
conflicting_alias_same_context,COMPANY_NAME/-/UTI CREDIT RISK FUND (SEGREGATED-06032020)-DIRECT QUARTERLY DIVIDEND PAYOUT(ISSUE PRICE : RS.0.01),claimed by __AMBIGUOUS__ and bd38622f-7894-5462-9dc3-0a8c4c1eb028 -> alias not seeded
conflicting_alias_same_context,COMPANY_NAME/-/UTI CREDIT RISK FUND (SEGREGATED-06032020)-DIRECT QUARTERLY DIVIDEND PAYOUT(ISSUE PRICE : RS.0.01),claimed by __AMBIGUOUS__ and ea4502d2-f760-5095-ace3-e9cbfc56cbc5 -> alias not seeded
conflicting_alias_same_context,COMPANY_NAME/-/UTI CREDIT RISK FUND (SEGREGATED-06032020)-DIRECT QUARTERLY DIVIDEND PAYOUT(ISSUE PRICE : RS.0.01),claimed by __AMBIGUOUS__ and 64d4ea97-7430-5f7f-a2bb-7f2a215ac20f -> alias not seeded
conflicting_alias_same_context,COMPANY_NAME/-/UTI CREDIT RISK FUND (SEGREGATED-06032020)-DIRECT QUARTERLY DIVIDEND PAYOUT(ISSUE PRICE : RS.0.01),claimed by __AMBIGUOUS__ and 81f9e4a8-ca83-5220-871d-be1b2c20fd4d -> alias not seeded
conflicting_alias_same_context,COMPANY_NAME/-/UTI CREDIT RISK FUND (SEGREGATED-06032020)-DIRECT QUARTERLY DIVIDEND PAYOUT(ISSUE PRICE : RS.0.01),claimed by __AMBIGUOUS__ and 6b439adb-a0a0-5567-a3c9-c6eb30bc93e2 -> alias not seeded
conflicting_alias_same_context,COMPANY_NAME/-/UTI CREDIT RISK FUND (SEGREGATED-06032020)-DIRECT QUARTERLY DIVIDEND PAYOUT(ISSUE PRICE : RS.0.01),claimed by __AMBIGUOUS__ and c8c9ef0c-f86a-56e6-923b-00467de5f331 -> alias not seeded
conflicting_alias_same_context,COMPANY_NAME/-/UTI CREDIT RISK FUND (SEGREGATED-06032020)-DIRECT QUARTERLY DIVIDEND PAYOUT(ISSUE PRICE : RS.0.01),claimed by __AMBIGUOUS__ and 541687eb-77a8-533f-8b44-230ac1da801c -> alias not seeded
conflicting_alias_same_context,COMPANY_NAME/-/UTI CREDIT RISK FUND (SEGREGATED-06032020)-DIRECT QUARTERLY DIVIDEND PAYOUT(ISSUE PRICE : RS.0.01),claimed by __AMBIGUOUS__ and e73fa7da-38ff-5879-b8c8-1a6f66ad76b8 -> alias not seeded
conflicting_alias_same_context,COMPANY_NAME/-/UTI CREDIT RISK FUND (SEGREGATED-06032020)-DIRECT QUARTERLY DIVIDEND PAYOUT(ISSUE PRICE : RS.0.01),claimed by __AMBIGUOUS__ and bb94bee0-4391-580f-9f81-4fdbf804e0f3 -> alias not seeded
conflicting_alias_same_context,COMPANY_NAME/-/NIPPON INDIA EQUITY SAVINGS FUND - SEGREGATED PORTFOLIO 2 - MONTHLY DIVIDEND PLAN(ISSUE PRICE: 0.01),claimed by 613dd4df-3006-514b-9583-75d182939dd4 and 5643b725-e462-5f77-bdc8-2a8411f435ec -> alias not seeded
conflicting_alias_same_context,COMPANY_NAME/-/NIPPON INDIA EQUITY SAVINGS FUND - SEGREGATED PORTFOLIO 2 - DIRECT MONTHLY DIVIDEND PLAN(ISSUE PRICE: 0.01),claimed by 7c9e3e01-dfe5-5a93-9fa3-54ffb369e11a and c9c812c7-346d-5d69-b746-35e84bb1c747 -> alias not seeded
conflicting_alias_same_context,COMPANY_NAME/-/NIPPON INDIA EQUITY SAVINGS FUND - SEGREGATED PORTFOLIO 2 - QUARTERLY DIVIDEND PLAN(ISSUE PRICE: 0.01),claimed by 23ee7245-75c1-5fa3-8c3a-9c6a8e4bd60a and ed513d7a-d62c-59b2-9b68-778eef9e7e93 -> alias not seeded
conflicting_alias_same_context,COMPANY_NAME/-/NIPPON INDIA CREDIT RISK FUND - SEGREGATED PORTFOLIO 2 - QUARTERLY DIVIDEND PLAN(ISSUE PRICE: 0.01),claimed by 0714c490-7198-5576-9542-cbb08334df72 and 639dee19-d0dd-5cb0-9c7b-ecb7790759d0 -> alias not seeded
conflicting_alias_same_context,COMPANY_NAME/-/NIPPON INDIA CREDIT RISK FUND - SEGREGATED PORTFOLIO 2 - DIVIDEND PLAN(ISSUE PRICE: 0.01),claimed by 2b90d020-d93c-5c2a-a6d5-f6cbcfad9e33 and fef7d095-84e2-5055-9d8a-8144fe587318 -> alias not seeded
conflicting_alias_same_context,COMPANY_NAME/-/NIPPON INDIA CREDIT RISK FUND - SEGREGATED PORTFOLIO 2 - DIRECT QUARTERLY DIVIDEND PLAN(ISSUE PRICE: 0.01),claimed by 3f2d816e-383c-5331-9cb8-ddfa081277a1 and 467ad202-a953-5635-86af-5b975ea3c828 -> alias not seeded
conflicting_alias_same_context,COMPANY_NAME/-/NIPPON INDIA CREDIT RISK FUND - SEGREGATED PORTFOLIO 2 - DIRECT DIVIDEND PLAN(ISSUE PRICE: 0.01),claimed by 859dcec7-4d28-5c6f-8b90-e20f18c47efe and 2362430e-6b51-5435-84d4-dee5fc10ad1b -> alias not seeded
conflicting_alias_same_context,COMPANY_NAME/-/NIPPON INDIA EQUITY SAVINGS FUND - SEGREGATED PORTFOLIO 2 - DIRECT QUARTERLY DIVIDEND PLAN(ISSUE PRICE: 0.01),claimed by 78f69e12-4ef8-5328-99f6-926b9e0d852e and 1bd32ca6-5b54-548b-bf33-8e8e6524dd37 -> alias not seeded
conflicting_alias_same_context,COMPANY_NAME/-/NIPPON INDIA EQUITY SAVINGS FUND - SEGREGATED PORTFOLIO 2 - DIVIDEND PLAN(ISSUE PRICE: 0.01),claimed by 5bbe6c80-c2ef-5486-ae5a-699382c95402 and e9f45290-57cb-5370-9e0a-a49a950bb982 -> alias not seeded
conflicting_alias_same_context,COMPANY_NAME/-/NIPPON INDIA EQUITY SAVINGS FUND - SEGREGATED PORTFOLIO 2 - DIRECT DIVIDEND PLAN(ISSUE PRICE: 0.01),claimed by c06f982f-9e08-52a3-9416-6f823b657720 and 927a522b-bfd0-567e-ab62-594494eb8718 -> alias not seeded
conflicting_alias_same_context,COMPANY_NAME/-/DSP FMP - SERIES 267 - 1172 DAYS,claimed by c8a0471a-1a93-5a9e-82c9-bb6f60f716cd and c2b3c2c4-ce1d-5580-a778-dc3e0b97d9d9 -> alias not seeded
conflicting_alias_same_context,COMPANY_NAME/-/DSP FMP - SERIES 270 - 1172 DAYS,claimed by edf747b6-400b-5ea1-94b8-2dac3eb5387e and 7c3806e0-911a-58af-94df-93f73c62173b -> alias not seeded
conflicting_alias_same_context,COMPANY_NAME/-/DSP FMP - SERIES 270 - 1172 DAYS,claimed by __AMBIGUOUS__ and 7215f91a-2d8d-596d-af04-fb0a36125185 -> alias not seeded
conflicting_alias_same_context,COMPANY_NAME/-/SBI MUTUAL FUND,claimed by 5bd31a2e-ab60-5511-b4a9-ea900ed92fd4 and 45d1ca01-020e-5967-8fb1-d03fa7c1d03f -> alias not seeded
conflicting_alias_same_context,COMPANY_NAME/-/SBI MUTUAL FUND,claimed by __AMBIGUOUS__ and 14982d01-a6dd-5e45-8612-cc68b42e4c8f -> alias not seeded
conflicting_alias_same_context,COMPANY_NAME/-/SBI MUTUAL FUND,claimed by __AMBIGUOUS__ and 9e7865a0-6398-5619-aeb5-5dfa399c1657 -> alias not seeded
conflicting_alias_same_context,COMPANY_NAME/-/SBI MUTUAL FUND,claimed by __AMBIGUOUS__ and 9cce96ff-5624-55f6-bf66-81f7946521a6 -> alias not seeded
conflicting_alias_same_context,COMPANY_NAME/-/SBI MUTUAL FUND,claimed by __AMBIGUOUS__ and d8ada280-aa40-5f25-a2fa-884abba5f013 -> alias not seeded
conflicting_alias_same_context,COMPANY_NAME/-/APLAB LTD,claimed by 2575e3e4-ea68-5529-bc11-09efe96bbcf0 and 10a23ade-6b9a-5dd2-9966-6b42f13f988e -> alias not seeded
conflicting_alias_same_context,COMPANY_NAME/-/SURAJ INDUSTRIES LTD,claimed by 8030a829-610d-55d3-a573-8a6de18a52ba and 82e8551d-089b-5d49-bed0-1f0142c2196e -> alias not seeded
conflicting_alias_same_context,COMPANY_NAME/-/ALLCARGO TERMINALS LTD,claimed by ab2ea84c-a30c-538c-880f-20cd3459116f and 105ea451-cf07-557c-b15b-ba87ff1055b0 -> alias not seeded
conflicting_alias_same_context,COMPANY_NAME/-/ANIRIT VENTURES LTD,claimed by a4e2a8f9-6380-5695-8494-f68844b21395 and 95306149-ca58-58bc-a7a2-b1a0680e1b23 -> alias not seeded
conflicting_alias_same_context,COMPANY_NAME/-/VERTEX SECURITIES LTD,claimed by dfba96d9-0338-556e-b0af-914da88aee55 and 846e62be-d09e-55aa-88e0-65f9ba3389a2 -> alias not seeded
conflicting_alias_same_context,COMPANY_NAME/-/GS AUTO INTERNATIONAL LTD,claimed by 49ba0ad1-9504-5863-81d9-aa353f95eddc and db787bb6-7010-51ad-bdb0-aa3bd9305502 -> alias not seeded
